Handle,Title,Body (HTML),Vendor,Product Category,Type,Tags,Published,Option1 Name,Option1 Value,Variant SKU,Variant Price,Variant Compare At Price,Image Src,SEO Title,SEO Description
behike-operating-system,Behike Operating System,"<p>The complete Behike Operating System. A visual framework that maps your entire business, content engine, and revenue streams into one actionable system. Print it, pin it, build from it.</p>",Behike,,Digital Download,"operating-system, digital product",TRUE,Title,Default,BOS-001,97.00,194.00,,Behike Operating System - Full Framework,"Map your entire business, content engine, and revenue streams into one actionable visual system."
behike-operating-system-es,Behike Operating System (Espanol),"<p>The complete Behike Operating System. A visual framework that maps your entire business, content engine, and revenue streams into one actionable system. Print it, pin it, build from it.</p>",Behike,,Digital Download,"operating-system, digital product, spanish, espanol",TRUE,Title,Default,BOS-002,97.00,194.00,,Behike Operating System - Espanol,"Sistema operativo visual completo para tu negocio. Mapea ingresos, contenido y estrategia."
blueprint-ai-agency,Blueprint AI Agency,"<p>A step-by-step visual blueprint you can follow from zero to launch. Every phase, every milestone, every tool mapped out so you never wonder what comes next.</p>",Behike,,Digital Download,"blueprint, ai, artificial intelligence, automation, digital product, visual guide",TRUE,Title,Default,BAA-003,19.99,39.98,,Blueprint AI Agency - Zero to Launch,"Step-by-step visual blueprint for launching an AI agency. Every phase and tool mapped out."
blueprint-ai-automation-agency,Blueprint AI Automation Agency,"<p>A step-by-step visual blueprint you can follow from zero to launch. Every phase, every milestone, every tool mapped out so you never wonder what comes next.</p>",Behike,,Digital Download,"blueprint, ai, artificial intelligence, automation, n8n, workflows, digital product, visual guide",TRUE,Title,Default,BAAA-004,19.99,39.98,,Blueprint AI Automation Agency,"Visual blueprint for building an AI automation agency with n8n workflows. Zero to launch."
blueprint-coaching,Blueprint Coaching,"<p>A step-by-step visual blueprint you can follow from zero to launch. Every phase, every milestone, every tool mapped out so you never wonder what comes next.</p>",Behike,,Digital Download,"blueprint, coaching, consulting, services, digital product, visual guide",TRUE,Title,Default,BC-005,19.99,39.98,,Blueprint Coaching - Launch Your Practice,"Step-by-step visual blueprint for launching a coaching business. Every milestone mapped."
blueprint-consulting,Blueprint Consulting,"<p>A step-by-step visual blueprint you can follow from zero to launch. Every phase, every milestone, every tool mapped out so you never wonder what comes next.</p>",Behike,,Digital Download,"blueprint, digital product, visual guide",TRUE,Title,Default,BCO-006,19.99,39.98,,Blueprint Consulting - Zero to Launch,"Visual blueprint for launching a consulting business. Every phase and tool mapped out."
blueprint-content-creator,Blueprint Content Creator,"<p>A step-by-step visual blueprint you can follow from zero to launch. Every phase, every milestone, every tool mapped out so you never wonder what comes next.</p>",Behike,,Digital Download,"blueprint, content creation, social media, digital product, visual guide",TRUE,Title,Default,BCC-007,19.99,39.98,,Blueprint Content Creator,"Step-by-step visual blueprint for content creators. From zero to launch, fully mapped."
blueprint-content-creator-es,Blueprint Content Creator (Espanol),"<p>A step-by-step visual blueprint you can follow from zero to launch. Every phase, every milestone, every tool mapped out so you never wonder what comes next.</p>",Behike,,Digital Download,"blueprint, content creation, social media, digital product, visual guide, spanish, espanol",TRUE,Title,Default,BCCE-008,19.99,39.98,,Blueprint Content Creator - Espanol,"Blueprint visual para creadores de contenido. Cada fase y herramienta mapeada."
blueprint-content-creator-v2,Blueprint Content Creator V2,"<p>A step-by-step visual blueprint you can follow from zero to launch. Every phase, every milestone, every tool mapped out so you never wonder what comes next.</p>",Behike,,Digital Download,"blueprint, content creation, social media, digital product, visual guide",TRUE,Title,Default,BCCV2-009,19.99,39.98,,Blueprint Content Creator V2,"Updated visual blueprint for content creators. Every phase mapped from zero to launch."
blueprint-crypto-investor,Blueprint Crypto Investor,"<p>A step-by-step visual blueprint you can follow from zero to launch. Every phase, every milestone, every tool mapped out so you never wonder what comes next.</p>",Behike,,Digital Download,"blueprint, crypto, investing, trading, digital product, visual guide",TRUE,Title,Default,BCI-010,19.99,39.98,,Blueprint Crypto Investor,"Visual blueprint for crypto investing. Every phase, milestone, and tool mapped out."
blueprint-dropshipping,Blueprint Dropshipping,"<p>A step-by-step visual blueprint you can follow from zero to launch. Every phase, every milestone, every tool mapped out so you never wonder what comes next.</p>",Behike,,Digital Download,"blueprint, dropshipping, ecommerce, selling, digital product, visual guide",TRUE,Title,Default,BD-011,19.99,39.98,,Blueprint Dropshipping - Zero to Launch,"Step-by-step visual blueprint for dropshipping. Every phase and tool mapped out."
blueprint-ebay-dropshipping,Blueprint eBay Dropshipping,"<p>A step-by-step visual blueprint you can follow from zero to launch. Every phase, every milestone, every tool mapped out so you never wonder what comes next.</p>",Behike,,Digital Download,"blueprint, dropshipping, ebay, ecommerce, reselling, selling, digital product, visual guide",TRUE,Title,Default,BED-012,19.99,39.98,,Blueprint eBay Dropshipping,"Visual blueprint for eBay dropshipping. From zero to launch with every step mapped."
blueprint-ecommerce,Blueprint Ecommerce,"<p>A step-by-step visual blueprint you can follow from zero to launch. Every phase, every milestone, every tool mapped out so you never wonder what comes next.</p>",Behike,,Digital Download,"blueprint, ecommerce, online store, selling, digital product, visual guide",TRUE,Title,Default,BE-013,19.99,39.98,,Blueprint Ecommerce - Zero to Launch,"Step-by-step visual blueprint for ecommerce. Every phase and tool mapped out."
blueprint-ecommerce-colorblind,Blueprint Ecommerce Colorblind,"<p>A step-by-step visual blueprint you can follow from zero to launch. Every phase, every milestone, every tool mapped out so you never wonder what comes next. Accessibility-optimized colorblind version.</p>",Behike,,Digital Download,"blueprint, ecommerce, online store, selling, digital product, visual guide, colorblind, accessibility",TRUE,Title,Default,BEC-014,19.99,39.98,,Blueprint Ecommerce - Colorblind Edition,"Accessibility-optimized ecommerce blueprint for colorblind users. Every phase mapped."
blueprint-ecommerce-es,Blueprint Ecommerce (Espanol),"<p>A step-by-step visual blueprint you can follow from zero to launch. Every phase, every milestone, every tool mapped out so you never wonder what comes next.</p>",Behike,,Digital Download,"blueprint, ecommerce, online store, selling, digital product, visual guide, spanish, espanol",TRUE,Title,Default,BEE-015,19.99,39.98,,Blueprint Ecommerce - Espanol,"Blueprint visual de ecommerce paso a paso. Cada fase y herramienta mapeada."
blueprint-ecommerce-v2,Blueprint Ecommerce V2,"<p>A step-by-step visual blueprint you can follow from zero to launch. Every phase, every milestone, every tool mapped out so you never wonder what comes next.</p>",Behike,,Digital Download,"blueprint, ecommerce, online store, selling, digital product, visual guide",TRUE,Title,Default,BEV2-016,19.99,39.98,,Blueprint Ecommerce V2,"Updated visual blueprint for ecommerce. Every phase mapped from zero to launch."
blueprint-etsy-seller,Blueprint Etsy Seller,"<p>A step-by-step visual blueprint you can follow from zero to launch. Every phase, every milestone, every tool mapped out so you never wonder what comes next.</p>",Behike,,Digital Download,"blueprint, digital product, visual guide",TRUE,Title,Default,BES-017,19.99,39.98,,Blueprint Etsy Seller - Zero to Launch,"Step-by-step visual blueprint for Etsy sellers. Every milestone mapped out."
blueprint-fb-marketplace,Blueprint FB Marketplace,"<p>A step-by-step visual blueprint you can follow from zero to launch. Every phase, every milestone, every tool mapped out so you never wonder what comes next.</p>",Behike,,Digital Download,"blueprint, digital product, visual guide",TRUE,Title,Default,BFM-018,19.99,39.98,,Blueprint FB Marketplace,"Visual blueprint for Facebook Marketplace selling. Every phase and tool mapped."
blueprint-freelancer,Blueprint Freelancer,"<p>A step-by-step visual blueprint you can follow from zero to launch. Every phase, every milestone, every tool mapped out so you never wonder what comes next.</p>",Behike,,Digital Download,"blueprint, clients, freelancing, services, digital product, visual guide",TRUE,Title,Default,BF-019,19.99,39.98,,Blueprint Freelancer - Zero to Launch,"Step-by-step visual blueprint for freelancers. Every phase and tool mapped out."
blueprint-freelancer-es,Blueprint Freelancer (Espanol),"<p>A step-by-step visual blueprint you can follow from zero to launch. Every phase, every milestone, every tool mapped out so you never wonder what comes next.</p>",Behike,,Digital Download,"blueprint, clients, freelancing, services, digital product, visual guide, spanish, espanol",TRUE,Title,Default,BFE-020,19.99,39.98,,Blueprint Freelancer - Espanol,"Blueprint visual para freelancers. Cada fase y herramienta mapeada paso a paso."
blueprint-freelancer-v2,Blueprint Freelancer V2,"<p>A step-by-step visual blueprint you can follow from zero to launch. Every phase, every milestone, every tool mapped out so you never wonder what comes next.</p>",Behike,,Digital Download,"blueprint, clients, freelancing, services, digital product, visual guide",TRUE,Title,Default,BFV2-021,19.99,39.98,,Blueprint Freelancer V2,"Updated visual blueprint for freelancers. Every phase mapped from zero to launch."
blueprint-newsletter,Blueprint Newsletter,"<p>A step-by-step visual blueprint you can follow from zero to launch. Every phase, every milestone, every tool mapped out so you never wonder what comes next.</p>",Behike,,Digital Download,"blueprint, email, newsletter, subscribers, digital product, visual guide",TRUE,Title,Default,BN-022,19.99,39.98,,Blueprint Newsletter - Zero to Launch,"Step-by-step visual blueprint for newsletters. Every phase and tool mapped out."
blueprint-podcast,Blueprint Podcast,"<p>A step-by-step visual blueprint you can follow from zero to launch. Every phase, every milestone, every tool mapped out so you never wonder what comes next.</p>",Behike,,Digital Download,"blueprint, audio, creator, podcast, digital product, visual guide",TRUE,Title,Default,BP-023,19.99,39.98,,Blueprint Podcast - Zero to Launch,"Step-by-step visual blueprint for launching a podcast. Every milestone mapped."
blueprint-podcast-business,Blueprint Podcast Business,"<p>A step-by-step visual blueprint you can follow from zero to launch. Every phase, every milestone, every tool mapped out so you never wonder what comes next.</p>",Behike,,Digital Download,"blueprint, audio, creator, podcast, digital product, visual guide",TRUE,Title,Default,BPB-024,19.99,39.98,,Blueprint Podcast Business,"Visual blueprint for building a podcast business. Every phase and tool mapped out."
blueprint-real-estate,Blueprint Real Estate,"<p>A step-by-step visual blueprint you can follow from zero to launch. Every phase, every milestone, every tool mapped out so you never wonder what comes next.</p>",Behike,,Digital Download,"blueprint, investing, property, real estate, digital product, visual guide",TRUE,Title,Default,BRE-025,19.99,39.98,,Blueprint Real Estate - Zero to Launch,"Step-by-step visual blueprint for real estate investing. Every phase mapped out."
blueprint-saas,Blueprint SAAS,"<p>A step-by-step visual blueprint you can follow from zero to launch. Every phase, every milestone, every tool mapped out so you never wonder what comes next.</p>",Behike,,Digital Download,"blueprint, saas, software, startup, digital product, visual guide",TRUE,Title,Default,BS-026,19.99,39.98,,Blueprint SAAS - Zero to Launch,"Step-by-step visual blueprint for launching a SaaS product. Every milestone mapped."
blueprint-social-media-manager,Blueprint Social Media Manager,"<p>A step-by-step visual blueprint you can follow from zero to launch. Every phase, every milestone, every tool mapped out so you never wonder what comes next.</p>",Behike,,Digital Download,"blueprint, digital product, visual guide",TRUE,Title,Default,BSMM-027,19.99,39.98,,Blueprint Social Media Manager,"Visual blueprint for social media managers. Every phase and tool mapped out."
blueprint-youtube,Blueprint YouTube,"<p>A step-by-step visual blueprint you can follow from zero to launch. Every phase, every milestone, every tool mapped out so you never wonder what comes next.</p>",Behike,,Digital Download,"blueprint, creator, video, youtube, digital product, visual guide",TRUE,Title,Default,BY-028,19.99,39.98,,Blueprint YouTube - Zero to Launch,"Step-by-step visual blueprint for YouTube creators. Every phase mapped out."
ai-agent-installer-kit,AI Agent Installer Kit,"<p>A ready-to-use kit packed with templates, frameworks, and action steps. Stop planning, start executing.</p>",Behike,,Digital Download,"kit, ai, artificial intelligence, automation, digital product",TRUE,Title,Default,AAIK-029,19.99,39.98,,AI Agent Installer Kit,"Ready-to-use kit with AI agent templates and frameworks. Stop planning, start executing."
ai-content-machine-kit,AI Content Machine Kit,"<p>A ready-to-use kit packed with templates, frameworks, and action steps. Stop planning, start executing.</p>",Behike,,Digital Download,"kit, ai, artificial intelligence, automation, content creation, social media, digital product",TRUE,Title,Default,ACMK-030,19.99,39.98,,AI Content Machine Kit,"Kit with AI content templates and frameworks. Automate your content pipeline."
content-franchise-kit,Content Franchise Kit,"<p>A ready-to-use kit packed with templates, frameworks, and action steps. Stop planning, start executing.</p>",Behike,,Digital Download,"kit, content creation, social media, digital product",TRUE,Title,Default,CFK-031,19.99,39.98,,Content Franchise Kit,"Ready-to-use content franchise kit with templates and frameworks. Start executing."
ghost-writer-kit,Ghost Writer Kit,"<p>A ready-to-use kit packed with templates, frameworks, and action steps. Stop planning, start executing.</p>",Behike,,Digital Download,"kit, digital product",TRUE,Title,Default,GWK-032,19.99,39.98,,Ghost Writer Kit - Templates & Frameworks,"Ghost writing kit with templates and action steps. Stop planning, start executing."
gumroad-starter-kit,Gumroad Starter Kit,"<p>A ready-to-use kit packed with templates, frameworks, and action steps. Stop planning, start executing.</p>",Behike,,Digital Download,"kit, digital products, gumroad, selling, digital product",TRUE,Title,Default,GSK-033,19.99,39.98,,Gumroad Starter Kit,"Complete starter kit for selling on Gumroad. Templates and frameworks included."
ai-copywriting-playbook,AI Copywriting Playbook,"<p>A tactical playbook with proven strategies and real examples. Follow the plays, skip the guesswork.</p>",Behike,,Digital Download,"playbook, ai, artificial intelligence, automation, copywriting, marketing, writing, digital product",TRUE,Title,Default,ACP-034,9.99,19.98,,AI Copywriting Playbook,"Tactical playbook for AI-powered copywriting. Proven strategies and real examples."
ecommerce-playbook,Ecommerce Playbook,"<p>A tactical playbook with proven strategies and real examples. Follow the plays, skip the guesswork.</p>",Behike,,Digital Download,"playbook, ecommerce, online store, selling, digital product",TRUE,Title,Default,EP-035,9.99,19.98,,Ecommerce Playbook,"Tactical ecommerce playbook with proven strategies. Follow the plays, skip guesswork."
gumroad-sellers-playbook,Gumroad Sellers Playbook,"<p>A tactical playbook with proven strategies and real examples. Follow the plays, skip the guesswork.</p>",Behike,,Digital Download,"playbook, digital products, gumroad, selling, digital product",TRUE,Title,Default,GSP-036,9.99,19.98,,Gumroad Sellers Playbook,"Tactical playbook for Gumroad sellers. Proven strategies and real examples included."
linkedin-growth-playbook,LinkedIn Growth Playbook,"<p>A tactical playbook with proven strategies and real examples. Follow the plays, skip the guesswork.</p>",Behike,,Digital Download,"playbook, linkedin, networking, professional, digital product",TRUE,Title,Default,LGP-037,9.99,19.98,,LinkedIn Growth Playbook,"Tactical LinkedIn growth playbook. Proven strategies for professional networking."
3d-fashion-guide,3D Fashion Guide,"<p>A practical, no-fluff guide that walks you through exactly what to do, what tools to use, and how to get results fast.</p>",Behike,,Digital Download,"guide, digital product",TRUE,Title,Default,3DFG-038,9.99,19.98,,3D Fashion Guide,"Practical guide to 3D fashion. Step-by-step tools and methods to get results fast."
adhd-budget-guide,ADHD Budget Guide,"<p>A practical, no-fluff guide that walks you through exactly what to do, what tools to use, and how to get results fast.</p>",Behike,,Digital Download,"guide, adhd, budget, finance, focus, money, productivity, digital product",TRUE,Title,Default,ABG-039,9.99,19.98,,ADHD Budget Guide,"Practical budgeting guide designed for ADHD brains. Clear steps and tools included."
adhd-finance-guide,ADHD Finance Guide,"<p>A practical, no-fluff guide that walks you through exactly what to do, what tools to use, and how to get results fast.</p>",Behike,,Digital Download,"guide, adhd, focus, productivity, digital product",TRUE,Title,Default,AFG-040,9.99,19.98,,ADHD Finance Guide,"Personal finance guide designed for ADHD. Practical steps and tools to manage money."
ai-chatbot-guide,AI Chatbot Guide,"<p>A practical, no-fluff guide that walks you through exactly what to do, what tools to use, and how to get results fast.</p>",Behike,,Digital Download,"guide, ai, artificial intelligence, automation, digital product",TRUE,Title,Default,ACG-041,9.99,19.98,,AI Chatbot Guide,"Practical guide to building AI chatbots. Tools, steps, and methods for fast results."
ai-employee-guide,AI Employee Guide,"<p>A practical, no-fluff guide that walks you through exactly what to do, what tools to use, and how to get results fast.</p>",Behike,,Digital Download,"guide, ai, artificial intelligence, automation, digital product",TRUE,Title,Default,AEG-042,9.99,19.98,,AI Employee Guide,"Guide to using AI as your virtual employee. Practical tools and workflows."
ai-news-tracker-guide,AI News Tracker Guide,"<p>A practical, no-fluff guide that walks you through exactly what to do, what tools to use, and how to get results fast.</p>",Behike,,Digital Download,"guide, ai, artificial intelligence, automation, digital product",TRUE,Title,Default,ANTG-043,9.99,19.98,,AI News Tracker Guide,"Build your own AI news tracker. Practical guide with tools and step-by-step setup."
ai-security-guide,AI Security Guide,"<p>A practical, no-fluff guide that walks you through exactly what to do, what tools to use, and how to get results fast.</p>",Behike,,Digital Download,"guide, ai, ai safety, artificial intelligence, automation, privacy, security, digital product",TRUE,Title,Default,ASG-044,9.99,19.98,,AI Security Guide,"Practical guide to AI security and privacy. Protect your data and workflows."
ai-tutor-guide,AI Tutor Guide,"<p>A practical, no-fluff guide that walks you through exactly what to do, what tools to use, and how to get results fast.</p>",Behike,,Digital Download,"guide, ai, artificial intelligence, automation, digital product",TRUE,Title,Default,ATG-045,9.99,19.98,,AI Tutor Guide,"Guide to building an AI tutor. Practical steps for personalized learning tools."
amazon-fba-guide,Amazon FBA Guide,"<p>A practical, no-fluff guide that walks you through exactly what to do, what tools to use, and how to get results fast.</p>",Behike,,Digital Download,"guide, digital product",TRUE,Title,Default,AFBAG-046,9.99,19.98,,Amazon FBA Guide,"Practical Amazon FBA guide. Step-by-step tools and methods to start selling fast."
corpus-ingestion-guide,Corpus Ingestion Guide,"<p>A practical, no-fluff guide that walks you through exactly what to do, what tools to use, and how to get results fast.</p>",Behike,,Digital Download,"guide, digital product",TRUE,Title,Default,CIG-047,9.99,19.98,,Corpus Ingestion Guide,"Guide to ingesting and processing text corpora. Tools and methods for fast results."
digital-product-pricing-guide,Digital Product Pricing Guide,"<p>A practical, no-fluff guide that walks you through exactly what to do, what tools to use, and how to get results fast.</p>",Behike,,Digital Download,"guide, digital product",TRUE,Title,Default,DPPG-048,9.99,19.98,,Digital Product Pricing Guide,"How to price your digital products. Practical strategies for maximum revenue."
ebay-dropshipping-guide,eBay Dropshipping Guide,"<p>A practical, no-fluff guide that walks you through exactly what to do, what tools to use, and how to get results fast.</p>",Behike,,Digital Download,"guide, dropshipping, ebay, ecommerce, reselling, selling, digital product",TRUE,Title,Default,EDG-049,9.99,19.98,,eBay Dropshipping Guide,"Practical eBay dropshipping guide. Step-by-step tools and methods to start selling."
fl-studio-ai-guide,FL Studio AI Guide,"<p>A practical, no-fluff guide that walks you through exactly what to do, what tools to use, and how to get results fast.</p>",Behike,,Digital Download,"guide, ai, artificial intelligence, automation, digital product",TRUE,Title,Default,FSAG-050,9.99,19.98,,FL Studio AI Guide,"Guide to using AI with FL Studio. Practical tools for music production."
n8n-solopreneur-guide,N8N Solopreneur Guide,"<p>A practical, no-fluff guide that walks you through exactly what to do, what tools to use, and how to get results fast.</p>",Behike,,Digital Download,"guide, digital product",TRUE,Title,Default,NSG-051,9.99,19.98,,N8N Solopreneur Guide,"Practical n8n automation guide for solopreneurs. Workflows and tools to save time."
niche-sniper-guide,Niche Sniper Guide,"<p>A practical, no-fluff guide that walks you through exactly what to do, what tools to use, and how to get results fast.</p>",Behike,,Digital Download,"guide, digital product",TRUE,Title,Default,NSG-052,9.99,19.98,,Niche Sniper Guide,"Find profitable niches fast. Practical guide with tools and research methods."
polymarket-strategy-guide,Polymarket Strategy Guide,"<p>A practical, no-fluff guide that walks you through exactly what to do, what tools to use, and how to get results fast.</p>",Behike,,Digital Download,"guide, polymarket, prediction, trading, digital product",TRUE,Title,Default,PSG-053,9.99,19.98,,Polymarket Strategy Guide,"Tactical guide to Polymarket prediction markets. Strategies and tools for trading."
roblox-builders-guide,Roblox Builders Guide,"<p>A practical, no-fluff guide that walks you through exactly what to do, what tools to use, and how to get results fast.</p>",Behike,,Digital Download,"guide, gaming, kids, roblox, digital product",TRUE,Title,Default,RBG-054,9.99,19.98,,Roblox Builders Guide,"Practical guide to building on Roblox. Tools and steps for creators and kids."
self-hosted-store-guide,Self Hosted Store Guide,"<p>A practical, no-fluff guide that walks you through exactly what to do, what tools to use, and how to get results fast.</p>",Behike,,Digital Download,"guide, digital product",TRUE,Title,Default,SHSG-055,9.99,19.98,,Self Hosted Store Guide,"Guide to building a self-hosted store. Practical tools and setup steps included."
social-media-pipeline-guide,Social Media Pipeline Guide,"<p>A practical, no-fluff guide that walks you through exactly what to do, what tools to use, and how to get results fast.</p>",Behike,,Digital Download,"guide, digital product",TRUE,Title,Default,SMPG-056,9.99,19.98,,Social Media Pipeline Guide,"Build a social media content pipeline. Practical guide with tools and workflows."
solopreneur-os-live-guide,Solopreneur OS Live Guide,"<p>A practical, no-fluff guide that walks you through exactly what to do, what tools to use, and how to get results fast.</p>",Behike,,Digital Download,"guide, digital product",TRUE,Title,Default,SOLG-057,9.99,19.98,,Solopreneur OS Live Guide,"Live implementation guide for the Solopreneur OS. Step-by-step setup walkthrough."
youtube-monetization-guide,YouTube Monetization Guide,"<p>A practical, no-fluff guide that walks you through exactly what to do, what tools to use, and how to get results fast.</p>",Behike,,Digital Download,"guide, creator, video, youtube, digital product",TRUE,Title,Default,YMG-058,9.99,19.98,,YouTube Monetization Guide,"Practical YouTube monetization guide. Strategies and tools to earn from your channel."
affiliate-marketing-blueprint,Affiliate Marketing Blueprint,"<p>A step-by-step visual blueprint you can follow from zero to launch. Every phase, every milestone, every tool mapped out so you never wonder what comes next.</p>",Behike,,Digital Download,"blueprint, digital product, visual guide",TRUE,Title,Default,AMB-059,4.99,9.98,,Affiliate Marketing Blueprint,"Visual blueprint for affiliate marketing. Every phase mapped from zero to launch."
creators-revenue-blueprint,Creators Revenue Blueprint,"<p>A step-by-step visual blueprint you can follow from zero to launch. Every phase, every milestone, every tool mapped out so you never wonder what comes next.</p>",Behike,,Digital Download,"blueprint, digital product, visual guide",TRUE,Title,Default,CRB-060,4.99,9.98,,Creators Revenue Blueprint,"Visual blueprint for creator revenue streams. Every phase and milestone mapped."
faceless-creator-blueprint,Faceless Creator Blueprint,"<p>A step-by-step visual blueprint you can follow from zero to launch. Every phase, every milestone, every tool mapped out so you never wonder what comes next.</p>",Behike,,Digital Download,"blueprint, digital product, visual guide",TRUE,Title,Default,FCB-061,4.99,9.98,,Faceless Creator Blueprint,"Visual blueprint for faceless content creation. Zero to launch, fully mapped."
personal-brand-blueprint,Personal Brand Blueprint,"<p>A step-by-step visual blueprint you can follow from zero to launch. Every phase, every milestone, every tool mapped out so you never wonder what comes next.</p>",Behike,,Digital Download,"blueprint, branding, marketing, personal brand, digital product, visual guide",TRUE,Title,Default,PBB-062,4.99,9.98,,Personal Brand Blueprint,"Visual blueprint for building your personal brand. Every milestone mapped out."
youtube-channel-blueprint,YouTube Channel Blueprint,"<p>A step-by-step visual blueprint you can follow from zero to launch. Every phase, every milestone, every tool mapped out so you never wonder what comes next.</p>",Behike,,Digital Download,"blueprint, creator, video, youtube, digital product, visual guide",TRUE,Title,Default,YCB-063,4.99,9.98,,YouTube Channel Blueprint,"Visual blueprint for launching a YouTube channel. Every phase mapped out."
cash-flow-dashboard,Cash Flow Dashboard,"<p>A plug-and-play template you can customize immediately. Save hours of setup time.</p>",Behike,,Digital Download,"template, digital product",TRUE,Title,Default,CFD-064,7.99,15.98,,Cash Flow Dashboard - Excel Template,"Plug-and-play cash flow dashboard. Customize immediately and track your finances."
personal-budget-template,Personal Budget Template,"<p>A plug-and-play template you can customize immediately. Save hours of setup time.</p>",Behike,,Digital Download,"template, budget, finance, money, digital product",TRUE,Title,Default,PBT-065,7.99,15.98,,Personal Budget Template - Excel,"Plug-and-play personal budget template. Start tracking your finances immediately."
claude-code-course,Claude Code Course,"<p>A structured learning path that takes you from beginner to confident practitioner.</p>",Behike,,Digital Download,"course, digital product",TRUE,Title,Default,CCC-066,4.99,9.98,,Claude Code Course,"Structured learning path for Claude Code. From beginner to confident practitioner."
ecommerce-playbook-v2,Ecommerce Playbook V2,"<p>A tactical playbook with proven strategies and real examples. Follow the plays, skip the guesswork.</p>",Behike,,Digital Download,"playbook, ecommerce, online store, selling, digital product",TRUE,Title,Default,EPV2-067,4.99,9.98,,Ecommerce Playbook V2,"Updated tactical ecommerce playbook. Proven strategies and real examples included."
ecommerce-playbook-v3,Ecommerce Playbook V3,"<p>A tactical playbook with proven strategies and real examples. Follow the plays, skip the guesswork.</p>",Behike,,Digital Download,"playbook, ecommerce, online store, selling, digital product",TRUE,Title,Default,EPV3-068,4.99,9.98,,Ecommerce Playbook V3,"Latest ecommerce playbook with proven strategies. Follow the plays, skip guesswork."
10-day-ai-business-challenge,10 Day AI Business Challenge,"<p>A practical, no-fluff guide that walks you through exactly what to do, what tools to use, and how to get results fast.</p>",Behike,,Digital Download,"guide, ai, artificial intelligence, automation, digital product",TRUE,Title,Default,10DAI-069,4.99,9.98,,10 Day AI Business Challenge,"Launch an AI business in 10 days. Daily action steps and tools included."
5-ai-tools-lead-magnet,5 AI Tools Lead Magnet,"<p>A practical, no-fluff guide that walks you through exactly what to do, what tools to use, and how to get results fast.</p>",Behike,,Digital Download,"guide, ai, artificial intelligence, automation, digital product",TRUE,Title,Default,5AITL-070,4.99,9.98,,5 AI Tools Lead Magnet,"Discover 5 essential AI tools. Practical guide with step-by-step instructions."
7-ai-tools-that-replaced-my-team,7 AI Tools That Replaced My Team,"<p>A practical, no-fluff guide that walks you through exactly what to do, what tools to use, and how to get results fast.</p>",Behike,,Digital Download,"guide, ai, artificial intelligence, automation, digital product",TRUE,Title,Default,7AIT-071,4.99,9.98,,7 AI Tools That Replaced My Team,"7 AI tools that replace entire teams. Practical guide with real use cases."
ai-writing-workflows,AI Writing Workflows,"<p>A practical, no-fluff guide that walks you through exactly what to do, what tools to use, and how to get results fast.</p>",Behike,,Digital Download,"guide, ai, artificial intelligence, automation, digital product",TRUE,Title,Default,AWW-072,4.99,9.98,,AI Writing Workflows,"Practical AI writing workflows. Tools and methods to write faster and better."
behike-flowmap,Behike Flowmap,"<p>A practical, no-fluff guide that walks you through exactly what to do, what tools to use, and how to get results fast.</p>",Behike,,Digital Download,"guide, digital product",TRUE,Title,Default,BFM-073,4.99,9.98,,Behike Flowmap,"Visual flowmap for the Behike system. See your entire business flow at a glance."
behike-method,Behike Method,"<p>A practical, no-fluff guide that walks you through exactly what to do, what tools to use, and how to get results fast.</p>",Behike,,Digital Download,"guide, digital product",TRUE,Title,Default,BM-074,4.99,9.98,,Behike Method,"The Behike Method guide. Practical steps and tools for building your business."
behike-method-content-system,Behike Method Content System,"<p>A practical, no-fluff guide that walks you through exactly what to do, what tools to use, and how to get results fast.</p>",Behike,,Digital Download,"guide, content creation, social media, digital product",TRUE,Title,Default,BMCS-075,4.99,9.98,,Behike Method Content System,"Content system based on the Behike Method. Practical workflow for creators."
behike-method-v2,Behike Method V2,"<p>A practical, no-fluff guide that walks you through exactly what to do, what tools to use, and how to get results fast.</p>",Behike,,Digital Download,"guide, digital product",TRUE,Title,Default,BMV2-076,4.99,9.98,,Behike Method V2,"Updated Behike Method guide. Refined steps and tools for business building."
business-automation-audit,Business Automation Audit,"<p>A practical, no-fluff guide that walks you through exactly what to do, what tools to use, and how to get results fast.</p>",Behike,,Digital Download,"guide, automation, n8n, workflows, digital product",TRUE,Title,Default,BAA-077,4.99,9.98,,Business Automation Audit,"Audit your business for automation opportunities. Practical guide with n8n workflows."
content-waterfall,Content Waterfall,"<p>A practical, no-fluff guide that walks you through exactly what to do, what tools to use, and how to get results fast.</p>",Behike,,Digital Download,"guide, content creation, social media, digital product",TRUE,Title,Default,CW-078,4.99,9.98,,Content Waterfall,"Content waterfall strategy guide. Turn one piece into many across platforms."
email-list-accelerator,Email List Accelerator,"<p>A practical, no-fluff guide that walks you through exactly what to do, what tools to use, and how to get results fast.</p>",Behike,,Digital Download,"guide, ai, artificial intelligence, automation, digital product",TRUE,Title,Default,ELA-079,4.99,9.98,,Email List Accelerator,"Grow your email list fast. Practical strategies and AI-powered tools included."
freelance-client-acquisition,Freelance Client Acquisition,"<p>A practical, no-fluff guide that walks you through exactly what to do, what tools to use, and how to get results fast.</p>",Behike,,Digital Download,"guide, clients, freelancing, services, digital product",TRUE,Title,Default,FCA-080,4.99,9.98,,Freelance Client Acquisition,"Guide to landing freelance clients. Practical outreach strategies and scripts."
mastery-for-builders,Mastery for Builders,"<p>A practical, no-fluff guide that walks you through exactly what to do, what tools to use, and how to get results fast.</p>",Behike,,Digital Download,"guide, digital product",TRUE,Title,Default,MFB-081,4.99,9.98,,Mastery for Builders,"Guide for builders who want mastery. Practical steps to level up your craft."
n8n-automation-pack,N8N Automation Pack,"<p>A practical, no-fluff guide that walks you through exactly what to do, what tools to use, and how to get results fast.</p>",Behike,,Digital Download,"guide, automation, n8n, workflows, digital product",TRUE,Title,Default,NAP-082,4.99,9.98,,N8N Automation Pack,"Collection of n8n automation workflows. Ready-to-use templates for solopreneurs."
prompt-engineering-cheat-sheet,Prompt Engineering Cheat Sheet,"<p>A practical, no-fluff guide that walks you through exactly what to do, what tools to use, and how to get results fast.</p>",Behike,,Digital Download,"guide, ai, chatgpt, prompt engineering, digital product",TRUE,Title,Default,PECS-083,4.99,9.98,,Prompt Engineering Cheat Sheet,"Quick-reference cheat sheet for prompt engineering. Get better AI outputs fast."
reel-factory-system,Reel Factory System,"<p>A practical, no-fluff guide that walks you through exactly what to do, what tools to use, and how to get results fast.</p>",Behike,,Digital Download,"guide, digital product",TRUE,Title,Default,RFS-084,4.99,9.98,,Reel Factory System,"System for producing Reels at scale. Practical workflow and tools included."
social-media-pipeline-guide-v2,Social Media Pipeline Guide V2,"<p>A practical, no-fluff guide that walks you through exactly what to do, what tools to use, and how to get results fast.</p>",Behike,,Digital Download,"guide, digital product",TRUE,Title,Default,SMPGV2-085,4.99,9.98,,Social Media Pipeline Guide V2,"Updated social media pipeline guide. Workflows and tools for content at scale."
solopreneur-os,Solopreneur OS,"<p>A practical, no-fluff guide that walks you through exactly what to do, what tools to use, and how to get results fast.</p>",Behike,,Digital Download,"guide, digital product",TRUE,Title,Default,SOS-086,4.99,9.98,,Solopreneur OS,"Operating system for solopreneurs. Practical guide to organizing your entire business."
solopreneur-second-brain,Solopreneur Second Brain,"<p>A practical, no-fluff guide that walks you through exactly what to do, what tools to use, and how to get results fast.</p>",Behike,,Digital Download,"guide, ai, artificial intelligence, automation, digital product",TRUE,Title,Default,SSB-087,4.99,9.98,,Solopreneur Second Brain,"Build your solopreneur second brain with AI. Capture, organize, and act on ideas."
telegram-bot-for-business,Telegram Bot for Business,"<p>A practical, no-fluff guide that walks you through exactly what to do, what tools to use, and how to get results fast.</p>",Behike,,Digital Download,"guide, automation, bot, telegram, digital product",TRUE,Title,Default,TBFB-088,4.99,9.98,,Telegram Bot for Business,"Guide to building a Telegram bot for business. Automation and workflows included."
zero-dollar-ai-stack,Zero Dollar AI Stack,"<p>A practical, no-fluff guide that walks you through exactly what to do, what tools to use, and how to get results fast.</p>",Behike,,Digital Download,"guide, ai, artificial intelligence, automation, digital product",TRUE,Title,Default,ZDAS-089,4.99,9.98,,Zero Dollar AI Stack,"Build a complete AI stack for $0. Free tools and setup guide included."
zero-to-first-sale,Zero to First Sale,"<p>A practical, no-fluff guide that walks you through exactly what to do, what tools to use, and how to get results fast.</p>",Behike,,Digital Download,"guide, digital product",TRUE,Title,Default,ZTFS-090,4.99,9.98,,Zero to First Sale,"Get your first digital product sale. Step-by-step guide from zero to revenue."
10-voice-prompt-templates,10 Voice Prompt Templates,"<p>A plug-and-play template you can customize immediately. Save hours of setup time.</p>",Behike,,Digital Download,"template, ai, chatgpt, prompt engineering, digital product",TRUE,Title,Default,10VPT-091,4.99,9.98,,10 Voice Prompt Templates,"10 ready-to-use voice prompt templates. Customize for your brand immediately."
landing-page-template,Landing Page Template,"<p>A plug-and-play template you can customize immediately. Save hours of setup time.</p>",Behike,,Digital Download,"template, digital product",TRUE,Title,Default,LPT-092,4.99,9.98,,Landing Page Template,"Plug-and-play landing page template. Customize and launch your page in minutes."
voice-bible-template,Voice Bible Template,"<p>A plug-and-play template you can customize immediately. Save hours of setup time.</p>",Behike,,Digital Download,"template, digital product",TRUE,Title,Default,VBT-093,4.99,9.98,,Voice Bible Template,"Define your brand voice with this template. Plug-and-play, customize immediately."
ai-safety-checklist,AI Safety Checklist,"<p>A free resource to get you started. Download it, use it, share it.</p>",Behike,,Digital Download,"guide, ai, artificial intelligence, automation, digital product, free, lead magnet",TRUE,Title,Default,ASC-094,0.00,,,AI Safety Checklist - Free Download,"Free AI safety checklist. Essential checks for responsible AI use. Download now."
behike-launch-checklist,Behike Launch Checklist,"<p>A free resource to get you started. Download it, use it, share it.</p>",Behike,,Digital Download,"guide, digital product, free, lead magnet",TRUE,Title,Default,BLC-095,0.00,,,Behike Launch Checklist - Free Download,"Free launch checklist from Behike. Everything you need before going live."
voice-audit-checklist,Voice Audit Checklist,"<p>A free resource to get you started. Download it, use it, share it.</p>",Behike,,Digital Download,"guide, digital product, free, lead magnet",TRUE,Title,Default,VAC-096,0.00,,,Voice Audit Checklist - Free Download,"Free voice audit checklist. Evaluate and refine your brand voice today."
